city,district,ward
Hưng Yên,Văn Giang,Long Hưng
Hưng Yên,Văn Giang,Nghĩa Trụ
Hưng Yên,Văn Giang,Văn Giang
Hưng Yên,Văn Giang,Xuân Quan
Hưng Yên,Văn Giang,Cửu Cao
Hưng Yên,Yên Mỹ,Yên Phú
Hưng Yên,Yên Mỹ,Ngọc Long
Hưng Yên,Văn Lâm,Như Quỳnh
Hưng Yên,Mỹ Hào,Nhân Hòa
Hưng Yên,Mỹ Hào,Bần Yên Nhân
Hưng Yên,Khoái Châu,Đông Kết
Hồ Chí Minh,Gò Vấp,Phường 11
Hồ Chí Minh,Gò Vấp,Phường 6
Hồ Chí Minh,Gò Vấp,Phường 14
Hồ Chí Minh,Gò Vấp,Phường 12
Hồ Chí Minh,Gò Vấp,Phường 16
Hồ Chí Minh,Gò Vấp,Phường 3
Hồ Chí Minh,Gò Vấp,Phường 5
Hồ Chí Minh,Gò Vấp,Phường 17
Hồ Chí Minh,Gò Vấp,Phường 10
Hồ Chí Minh,Bình Thạnh,Phường 22
Hồ Chí Minh,Bình Thạnh,Phường 26
Hồ Chí Minh,Bình Thạnh,Phường 11
Hồ Chí Minh,Bình Thạnh,Phường 13
Hồ Chí Minh,Bình Thạnh,Phường 25
Hồ Chí Minh,Bình Thạnh,Phường 27
Hồ Chí Minh,Bình Thạnh,Phường 12
Hồ Chí Minh,Bình Thạnh,Phường 17
Hồ Chí Minh,Bình Thạnh,Phường 7
Hồ Chí Minh,Bình Thạnh,Phường 28
Hồ Chí Minh,Thủ Đức,Hiệp Bình Phước
Hồ Chí Minh,Thủ Đức,Long Thạnh Mỹ
Hồ Chí Minh,Thủ Đức,Tam Bình
Hồ Chí Minh,Thủ Đức,Long Trường
Hồ Chí Minh,Thủ Đức,Phú Hữu
Hồ Chí Minh,Thủ Đức,Trường Thạnh
Hồ Chí Minh,Thủ Đức,Hiệp Bình Chánh
Hồ Chí Minh,Thủ Đức,Bình Trưng Tây
Hồ Chí Minh,Thủ Đức,Linh Trung
Hồ Chí Minh,Thủ Đức,An Phú
Hồ Chí Minh,Thủ Đức,Phước Bình
Hồ Chí Minh,Thủ Đức,Tăng Nhơn Phú A
Hồ Chí Minh,Thủ Đức,Linh Đông
Hồ Chí Minh,Thủ Đức,Cát Lái
Hồ Chí Minh,Thủ Đức,Phước Long B
Hồ Chí Minh,Thủ Đức,Tăng Nhơn Phú B
Hồ Chí Minh,Thủ Đức,Trường Thọ
Hồ Chí Minh,Thủ Đức,Linh Chiểu
Hồ Chí Minh,Thủ Đức,Thạnh Mỹ Lợi
Hồ Chí Minh,Thủ Đức,Bình Thọ
Hồ Chí Minh,Thủ Đức,Bình Trưng Đông
Hồ Chí Minh,Thủ Đức,Linh Tây
Hồ Chí Minh,Thủ Đức,Linh Xuân
Hồ Chí Minh,Thủ Đức,Long Phước
Hồ Chí Minh,Thủ Đức,Bình Chiểu
Hồ Chí Minh,Thủ Đức,Phước Long A
Hồ Chí Minh,Thủ Đức,Hiệp Phú
Hồ Chí Minh,Thủ Đức,Thảo Điền
Hồ Chí Minh,Thủ Đức,An Khánh
Hồ Chí Minh,Thủ Đức,Tam Phú
Hồ Chí Minh,Thủ Đức,Tân Phú
Hồ Chí Minh,Thủ Đức,Long Bình
Hồ Chí Minh,Thủ Đức,An Lợi Đông
Hồ Chí Minh,Phú Nhuận,Phường 7
Hồ Chí Minh,Phú Nhuận,Phường 1
Hồ Chí Minh,Phú Nhuận,Phường 11
Hồ Chí Minh,Phú Nhuận,Phường 13
Hồ Chí Minh,Phú Nhuận,Phường 5
Hồ Chí Minh,Phú Nhuận,Phường 8
Hồ Chí Minh,Phú Nhuận,Phường 9
Hồ Chí Minh,Phú Nhuận,Phường 2
Hồ Chí Minh,Phú Nhuận,Phường 10
Hồ Chí Minh,Quận 12,Trung Mỹ Tây
Hồ Chí Minh,Quận 12,Hiệp Thành
Hồ Chí Minh,Quận 12,Thạnh Xuân
Hồ Chí Minh,Quận 12,Tân Chánh Hiệp
Hồ Chí Minh,Quận 12,Đông Hưng Thuận
Hồ Chí Minh,Quận 12,Thới An
Hồ Chí Minh,Quận 12,Thạnh Lộc
Hồ Chí Minh,Quận 12,Tân Thới Nhất
Hồ Chí Minh,Quận 12,Tân Thới Hiệp
Hồ Chí Minh,Quận 12,An Phú Đông
Hồ Chí Minh,Quận 12,Tân Hưng Thuận
Hồ Chí Minh,Quận 8,Phường 7
Hồ Chí Minh,Quận 8,Phường 14
Hồ Chí Minh,Quận 8,Phường 4
Hồ Chí Minh,Quận 8,Phường 16
Hồ Chí Minh,Quận 8,Phường 6
Hồ Chí Minh,Quận 8,Phường 5
Hồ Chí Minh,Quận 8,Phường 15
Hồ Chí Minh,Tân Bình,Phường 3
Hồ Chí Minh,Tân Bình,Phường 13
Hồ Chí Minh,Tân Bình,Phường 11
Hồ Chí Minh,Tân Bình,Phường 8
Hồ Chí Minh,Tân Bình,Phường 12
Hồ Chí Minh,Tân Bình,Phường 15
Hồ Chí Minh,Tân Bình,Phường 14
Hồ Chí Minh,Tân Bình,Phường 5
Hồ Chí Minh,Tân Bình,Phường 9
Hồ Chí Minh,Tân Bình,Phường 4
Hồ Chí Minh,Tân Bình,Phường 10
Hồ Chí Minh,Tân Bình,Phường 7
Hồ Chí Minh,Tân Bình,Phường 6
Hồ Chí Minh,Tân Bình,Phường 2
Hồ Chí Minh,Tân Bình,Phường 1
Hồ Chí Minh,Bình Chánh,Vĩnh Lộc B
Hồ Chí Minh,Bình Chánh,Bình Hưng
Hồ Chí Minh,Bình Chánh,Bình Chánh
Hồ Chí Minh,Bình Chánh,Lê Minh Xuân
Hồ Chí Minh,Bình Chánh,Tân Kiên
Hồ Chí Minh,Bình Chánh,Phong Phú
Hồ Chí Minh,Bình Chánh,Phạm Văn Hai
Hồ Chí Minh,Bình Chánh,Tân Túc
Hồ Chí Minh,Bình Chánh,Vĩnh Lộc A
Hồ Chí Minh,Bình Chánh,Quy Đức
Hồ Chí Minh,Bình Chánh,Đa Phước
Hồ Chí Minh,Bình Chánh,An Phú Tây
Hồ Chí Minh,Bình Chánh,Hưng Long
Hồ Chí Minh,Bình Chánh,Tân Quý Tây
Hồ Chí Minh,Bình Chánh,Bình Lợi
Hồ Chí Minh,Bình Chánh,Tân Nhựt
Hồ Chí Minh,Bình Tân,Bình Trị Đông A
Hồ Chí Minh,Bình Tân,Bình Hưng Hòa
Hồ Chí Minh,Bình Tân,Bình Trị Đông
Hồ Chí Minh,Bình Tân,Tân Tạo
Hồ Chí Minh,Bình Tân,Bình Trị Đông B
Hồ Chí Minh,Bình Tân,An Lạc A
Hồ Chí Minh,Bình Tân,An Lạc
Hồ Chí Minh,Bình Tân,Tân Tạo A
Hồ Chí Minh,Quận 6,Phường 11
Hồ Chí Minh,Quận 6,Phường 10
Hồ Chí Minh,Quận 6,Phường 13
Hồ Chí Minh,Quận 6,Phường 14
Hồ Chí Minh,Quận 6,Phường 8
Hồ Chí Minh,Quận 6,Phường 9
Hồ Chí Minh,Quận 6,Phường 7
Hồ Chí Minh,Quận 6,Phường 12
Hồ Chí Minh,Quận 3,Phường 14
Hồ Chí Minh,Quận 3,Phường 3
Hồ Chí Minh,Quận 3,Phường 5
Hồ Chí Minh,Quận 3,Võ Thị Sáu
Hồ Chí Minh,Quận 3,Phường 4
Hồ Chí Minh,Quận 3,Phường 11
Hồ Chí Minh,Quận 3,Phường 2
Hồ Chí Minh,Quận 3,Phường 1
Hồ Chí Minh,Quận 10,Phường 9
Hồ Chí Minh,Quận 10,Phường 1
Hồ Chí Minh,Quận 10,Phường 14
Hồ Chí Minh,Quận 10,Phường 13
Hồ Chí Minh,Quận 10,Phường 15
Hồ Chí Minh,Quận 10,Phường 2
Hồ Chí Minh,Quận 10,Phường 4
Hồ Chí Minh,Quận 10,Phường 12
Hồ Chí Minh,Tân Phú,Tân Sơn Nhì
Hồ Chí Minh,Tân Phú,Tân Quý
Hồ Chí Minh,Tân Phú,Tân Thành
Hồ Chí Minh,Tân Phú,Phú Thạnh
Hồ Chí Minh,Tân Phú,Phú Thọ Hòa
Hồ Chí Minh,Tân Phú,Sơn Kỳ
Hồ Chí Minh,Tân Phú,Phú Trung
Hồ Chí Minh,Tân Phú,Hiệp Tân
Hồ Chí Minh,Tân Phú,Tây Thạnh
Hồ Chí Minh,Tân Phú,Hòa Thạnh
Hồ Chí Minh,Tân Phú,Tân Thới Hòa
Hồ Chí Minh,Quận 7,Tân Thuận Đông
Hồ Chí Minh,Quận 7,Phú Thuận
Hồ Chí Minh,Quận 7,Phú Mỹ
Hồ Chí Minh,Quận 7,Tân Hưng
Hồ Chí Minh,Quận 7,Tân Phú
Hồ Chí Minh,Quận 7,Tân Thuận Tây
Hồ Chí Minh,Quận 7,Bình Thuận
Hồ Chí Minh,Quận 7,Tân Kiểng
Hồ Chí Minh,Quận 7,Tân Quy
Hồ Chí Minh,Quận 7,Tân Phong
Hồ Chí Minh,Nhà Bè,Nhơn Đức
Hồ Chí Minh,Nhà Bè,Nhà Bè
Hồ Chí Minh,Nhà Bè,Phước Kiển
Hồ Chí Minh,Nhà Bè,Hiệp Phước
Hồ Chí Minh,Nhà Bè,Phú Xuân
Hồ Chí Minh,Nhà Bè,Long Thới
Hồ Chí Minh,Nhà Bè,Phước Lộc
Hồ Chí Minh,Hóc Môn,Tân Hiệp
Hồ Chí Minh,Hóc Môn,Tân Thới Nhì
Hồ Chí Minh,Hóc Môn,Xuân Thới Đông
Hồ Chí Minh,Hóc Môn,Tân Xuân
Hồ Chí Minh,Hóc Môn,Thới Tam Thôn
Hồ Chí Minh,Hóc Môn,Xuân Thới Thượng
Hồ Chí Minh,Hóc Môn,Xuân Thới Sơn
Hồ Chí Minh,Hóc Môn,Bà Điểm
Hồ Chí Minh,Hóc Môn,Đông Thạnh
Hồ Chí Minh,Hóc Môn,Trung Chánh
Hồ Chí Minh,Hóc Môn,Hóc Môn
Hồ Chí Minh,Hóc Môn,Nhị Bình
Hồ Chí Minh,Quận 1,Phạm Ngũ Lão
Hồ Chí Minh,Quận 1,Cầu Kho
Hồ Chí Minh,Quận 1,Cô Giang
Hồ Chí Minh,Quận 1,Nguyễn Cư Trinh
Hồ Chí Minh,Quận 1,Tân Định
Hồ Chí Minh,Quận 1,Đa Kao
Hồ Chí Minh,Quận 1,Bến Thành
Hồ Chí Minh,Quận 1,Cầu Ông Lãnh
Hồ Chí Minh,Quận 4,Phường 1
Hồ Chí Minh,Quận 4,Phường 16
Hồ Chí Minh,Quận 4,Phường 18
Hồ Chí Minh,Quận 4,Phường 13
Hồ Chí Minh,Quận 4,Phường 3
Hồ Chí Minh,Quận 4,Phường 2
Hồ Chí Minh,Quận 4,Phường 4
Hồ Chí Minh,Quận 11,Phường 15
Hồ Chí Minh,Quận 11,Phường 3
Hồ Chí Minh,Quận 11,Phường 5
Hồ Chí Minh,Quận 11,Phường 14
Hồ Chí Minh,Quận 11,Phường 16
Hồ Chí Minh,Quận 5,Phường 1
Hồ Chí Minh,Quận 5,Phường 13
Hồ Chí Minh,Quận 5,Phường 4
Hồ Chí Minh,Quận 5,Phường 12
Hồ Chí Minh,Quận 5,Phường 9
Hồ Chí Minh,Củ Chi,Phước Vĩnh An
Hồ Chí Minh,Củ Chi,Hòa Phú
Hồ Chí Minh,Củ Chi,Bình Mỹ
Hồ Chí Minh,Củ Chi,Tân An Hội
Hồ Chí Minh,Củ Chi,Tân Thông Hội
Hồ Chí Minh,Củ Chi,Tân Thạnh Đông
Hồ Chí Minh,Củ Chi,Tân Phú Trung
Hồ Chí Minh,Củ Chi,Phạm Văn Cội
Hồ Chí Minh,Củ Chi,Phước Hiệp
Hồ Chí Minh,Củ Chi,Phú Hòa Đông
Hồ Chí Minh,Củ Chi,Phước Thạnh
Hồ Chí Minh,Củ Chi,An Nhơn Tây
Hồ Chí Minh,Củ Chi,Củ Chi
Hồ Chí Minh,Cần Giờ,Long Hòa
Hồ Chí Minh,Cần Giờ,Thạnh An
Hà Nội,Thường Tín,Liên Phương
Hà Nội,Thường Tín,Thường Tín
Hà Nội,Thường Tín,Nhị Khê
Hà Nội,Thường Tín,Duyên Thái
Hà Nội,Thường Tín,Ninh Sở
Hà Nội,Thường Tín,Văn Bình
Hà Nội,Tây Hồ,Phú Thượng
Hà Nội,Tây Hồ,Nhật Tân
Hà Nội,Tây Hồ,Thụy Khuê
Hà Nội,Tây Hồ,Yên Phụ
Hà Nội,Tây Hồ,Bưởi
Hà Nội,Tây Hồ,Tứ Liên
Hà Nội,Tây Hồ,Xuân La
Hà Nội,Tây Hồ,Quảng An
Hà Nội,Cầu Giấy,Quan Hoa
Hà Nội,Cầu Giấy,Yên Hoà
Hà Nội,Cầu Giấy,Trung Hoà
Hà Nội,Cầu Giấy,Nghĩa Đô
Hà Nội,Cầu Giấy,Dịch Vọng Hậu
Hà Nội,Cầu Giấy,Mai Dịch
Hà Nội,Cầu Giấy,Dịch Vọng
Hà Nội,Cầu Giấy,Nghĩa Tân
Hà Nội,Thạch Thất,Lại Thượng
Hà Nội,Thạch Thất,Kim Quan
Hà Nội,Thạch Thất,Thạch Hoà
Hà Nội,Thạch Thất,Yên Bình
Hà Nội,Thạch Thất,Tiến Xuân
Hà Nội,Nam Từ Liêm,Mỹ Đình 1
Hà Nội,Nam Từ Liêm,Đại Mỗ
Hà Nội,Nam Từ Liêm,Cầu Diễn
Hà Nội,Nam Từ Liêm,Tây Mỗ
Hà Nội,Nam Từ Liêm,Mỹ Đình 2
Hà Nội,Nam Từ Liêm,Phú Đô
Hà Nội,Nam Từ Liêm,Xuân Phương
Hà Nội,Nam Từ Liêm,Phương Canh
Hà Nội,Nam Từ Liêm,Mễ Trì
Hà Nội,Nam Từ Liêm,Trung Văn
Hà Nội,Hoài Đức,La Phù
Hà Nội,Hoài Đức,Đông La
Hà Nội,Hoài Đức,Vân Canh
Hà Nội,Hoài Đức,An Khánh
Hà Nội,Hoài Đức,Di Trạch
Hà Nội,Hoài Đức,Kim Chung
Hà Nội,Hoài Đức,Song Phương
Hà Nội,Hoài Đức,Yên Sở
Hà Nội,Hoài Đức,An Thượng
Hà Nội,Hoài Đức,Trạm Trôi
Hà Nội,Hoài Đức,Đức Giang
Hà Nội,Hoài Đức,Vân Côn
Hà Nội,Hoài Đức,Lại Yên
Hà Nội,Hoài Đức,Đức Thượng
Hà Nội,Hoài Đức,Dương Liễu
Hà Nội,Hoài Đức,Sơn Đồng
Hà Nội,Hoài Đức,Tiền Yên
Hà Nội,Hà Đông,Yên Nghĩa
Hà Nội,Hà Đông,Văn Quán
Hà Nội,Hà Đông,Kiến Hưng
Hà Nội,Hà Đông,Dương Nội
Hà Nội,Hà Đông,Vạn Phúc
Hà Nội,Hà Đông,Phú Lương
Hà Nội,Hà Đông,Biên Giang
Hà Nội,Hà Đông,Mộ Lao
Hà Nội,Hà Đông,Phú Lãm
Hà Nội,Hà Đông,Phúc La
Hà Nội,Hà Đông,La Khê
Hà Nội,Hà Đông,Đồng Mai
Hà Nội,Hà Đông,Hà Cầu
Hà Nội,Hà Đông,Phú La
Hà Nội,Chương Mỹ,Phụng Châu
Hà Nội,Chương Mỹ,Chúc Sơn
Hà Nội,Chương Mỹ,Thụy Hương
Hà Nội,Chương Mỹ,Mỹ Lương
Hà Nội,Chương Mỹ,Tiên Phương
Hà Nội,Chương Mỹ,Quảng Bị
Hà Nội,Chương Mỹ,Tân Tiến
Hà Nội,Chương Mỹ,Phú Nghĩa
Hà Nội,Chương Mỹ,Đại Yên
Hà Nội,Chương Mỹ,Xuân Mai
Hà Nội,Chương Mỹ,Đông Phương Yên
Hà Nội,Bắc Từ Liêm,Xuân Đỉnh
Hà Nội,Bắc Từ Liêm,Cổ Nhuế 1
Hà Nội,Bắc Từ Liêm,Liên Mạc
Hà Nội,Bắc Từ Liêm,Cổ Nhuế 2
Hà Nội,Bắc Từ Liêm,Minh Khai
Hà Nội,Bắc Từ Liêm,Phúc Diễn
Hà Nội,Bắc Từ Liêm,Phú Diễn
Hà Nội,Bắc Từ Liêm,Thụy Phương
Hà Nội,Bắc Từ Liêm,Đông Ngạc
Hà Nội,Bắc Từ Liêm,Đức Thắng
Hà Nội,Bắc Từ Liêm,Tây Tựu
Hà Nội,Bắc Từ Liêm,Thượng Cát
Hà Nội,Bắc Từ Liêm,Xuân Tảo
Hà Nội,Ba Đình,Cống Vị
Hà Nội,Ba Đình,Ngọc Hà
Hà Nội,Ba Đình,Phúc Xá
Hà Nội,Ba Đình,Đội Cấn
Hà Nội,Ba Đình,Kim Mã
Hà Nội,Ba Đình,Liễu Giai
Hà Nội,Ba Đình,Điện Biên
Hà Nội,Ba Đình,Quán Thánh
Hà Nội,Ba Đình,Vĩnh Phúc
Hà Nội,Ba Đình,Thành Công
Hà Nội,Ba Đình,Giảng Võ
Hà Nội,Ba Đình,Ngọc Khánh
Hà Nội,Đống Đa,Trung Liệt
Hà Nội,Đống Đa,Thổ Quan
Hà Nội,Đống Đa,Phương Mai
Hà Nội,Đống Đa,Hàng Bột
Hà Nội,Đống Đa,Văn Chương
Hà Nội,Đống Đa,Quang Trung
Hà Nội,Đống Đa,Khương Thượng
Hà Nội,Đống Đa,Kim Liên
Hà Nội,Đống Đa,Ô Chợ Dừa
Hà Nội,Đống Đa,Láng Hạ
Hà Nội,Đống Đa,Nam Đồng
Hà Nội,Đống Đa,Láng Thượng
Hà Nội,Đống Đa,Cát Linh
Hà Nội,Mê Linh,Thanh Lâm
Hà Nội,Mê Linh,Quang Minh
Hà Nội,Mê Linh,Chi Đông
Hà Nội,Mê Linh,Đại Thịnh
Hà Nội,Thanh Xuân,Nhân Chính
Hà Nội,Thanh Xuân,Khương Đình
Hà Nội,Thanh Xuân,Thanh Xuân Trung
Hà Nội,Thanh Xuân,Khương Mai
Hà Nội,Thanh Xuân,Thượng Đình
Hà Nội,Thanh Xuân,Khương Trung
Hà Nội,Thanh Xuân,Phương Liệt
Hà Nội,Long Biên,Bồ Đề
Hà Nội,Long Biên,Thạch Bàn
Hà Nội,Long Biên,Long Biên
Hà Nội,Long Biên,Phúc Lợi
Hà Nội,Long Biên,Thượng Thanh
Hà Nội,Long Biên,Ngọc Lâm
Hà Nội,Long Biên,Đức Giang
Hà Nội,Long Biên,Ngọc Thụy
Hà Nội,Long Biên,Việt Hưng
Hà Nội,Long Biên,Gia Thụy
Hà Nội,Long Biên,Giang Biên
Hà Nội,Long Biên,Cự Khối
Hà Nội,Hoàng Mai,Yên Sở
Hà Nội,Hoàng Mai,Vĩnh Hưng
Hà Nội,Hoàng Mai,Tương Mai
Hà Nội,Hoàng Mai,Thanh Trì
Hà Nội,Hoàng Mai,Tân Mai
Hà Nội,Hoàng Mai,Đại Kim
Hà Nội,Hoàng Mai,Hoàng Liệt
Hà Nội,Hoàng Mai,Mai Động
Hà Nội,Hoàng Mai,Hoàng Văn Thụ
Hà Nội,Hoàng Mai,Thịnh Liệt
Hà Nội,Hoàng Mai,Định Công
Hà Nội,Hoàng Mai,Trần Phú
Hà Nội,Hoàng Mai,Lĩnh Nam
Hà Nội,Hai Bà Trưng,Nguyễn Du
Hà Nội,Hai Bà Trưng,Đồng Tâm
Hà Nội,Hai Bà Trưng,Thanh Lương
Hà Nội,Hai Bà Trưng,Minh Khai
Hà Nội,Hai Bà Trưng,Vĩnh Tuy
Hà Nội,Hai Bà Trưng,Trương Định
Hà Nội,Hai Bà Trưng,Thanh Nhàn
Hà Nội,Hai Bà Trưng,Bạch Đằng
Hà Nội,Hai Bà Trưng,Quỳnh Mai
Hà Nội,Hai Bà Trưng,Lê Đại Hành
Hà Nội,Thanh Trì,Vĩnh Quỳnh
Hà Nội,Thanh Trì,Tả Thanh Oai
Hà Nội,Thanh Trì,Ngọc Hồi
Hà Nội,Thanh Trì,Tam Hiệp
Hà Nội,Thanh Trì,Tân Triều
Hà Nội,Thanh Trì,Ngũ Hiệp
Hà Nội,Thanh Trì,Liên Ninh
Hà Nội,Thanh Trì,Thanh Liệt
Hà Nội,Thanh Trì,Hữu Hoà
Hà Nội,Thanh Trì,Đông Mỹ
Hà Nội,Thanh Trì,Văn Điển
Hà Nội,Thanh Trì,Tứ Hiệp
Hà Nội,Thanh Trì,Yên Mỹ
Hà Nội,Thanh Trì,Vạn Phúc
Hà Nội,Thanh Trì,Duyên Hà
Hà Nội,Thanh Trì,Đại Áng
Hà Nội,Đông Anh,Mai Lâm
Hà Nội,Đông Anh,Kim Nỗ
Hà Nội,Đông Anh,Võng La
Hà Nội,Đông Anh,Vĩnh Ngọc
Hà Nội,Đông Anh,Cổ Loa
Hà Nội,Đông Anh,Kim Chung
Hà Nội,Đông Anh,Đại Mạch
Hà Nội,Đông Anh,Nam Hồng
Hà Nội,Đông Anh,Bắc Hồng
Hà Nội,Đông Anh,Nguyên Khê
Hà Nội,Đông Anh,Việt Hùng
Hà Nội,Đông Anh,Uy Nỗ
Hà Nội,Đông Anh,Đông Hội
Hà Nội,Đông Anh,Tiên Dương
Hà Nội,Đông Anh,Vân Nội
Hà Nội,Đông Anh,Xuân Canh
Hà Nội,Đông Anh,Đông Anh
Hà Nội,Đông Anh,Vân Hà
Hà Nội,Đông Anh,Hải Bối
Hà Nội,Đông Anh,Liên Hà
Hà Nội,Đông Anh,Xuân Nộn
Hà Nội,Quốc Oai,Thạch Thán
Hà Nội,Quốc Oai,Sài Sơn
Hà Nội,Quốc Oai,Hòa Thạch
Hà Nội,Quốc Oai,Phú Cát
Hà Nội,Quốc Oai,Đông Yên
Hà Nội,Gia Lâm,Kiêu Kỵ
Hà Nội,Gia Lâm,Yên Thường
Hà Nội,Gia Lâm,Dương Xá
Hà Nội,Gia Lâm,Trâu Quỳ
Hà Nội,Gia Lâm,Yên Viên
Hà Nội,Gia Lâm,Đặng Xá
Hà Nội,Gia Lâm,Đa Tốn
Hà Nội,Gia Lâm,Dương Quang
Hà Nội,Gia Lâm,Cổ Bi
Hà Nội,Gia Lâm,Ninh Hiệp
Hà Nội,Thanh Oai,Mỹ Hưng
Hà Nội,Thanh Oai,Cao Viên
Hà Nội,Thanh Oai,Cự Khê
Hà Nội,Thanh Oai,Bích Hòa
Hà Nội,Thanh Oai,Bình Minh
Hà Nội,Thanh Oai,Thanh Cao
Hà Nội,Thanh Oai,Tam Hưng
Hà Nội,Thanh Oai,Kim An
Hà Nội,Thanh Oai,Kim Bài
Hà Nội,Hoàn Kiếm,Hàng Trống
Hà Nội,Hoàn Kiếm,Hàng Gai
Hà Nội,Hoàn Kiếm,Chương Dương
Hà Nội,Hoàn Kiếm,Phúc Tân
Hà Nội,Hoàn Kiếm,Hàng Bồ
Hà Nội,Hoàn Kiếm,Lý Thái Tổ
Hà Nội,Hoàn Kiếm,Hàng Buồm
Hà Nội,Hoàn Kiếm,Trần Hưng Đạo
Hà Nội,Hoàn Kiếm,Đồng Xuân
Hà Nội,Hoàn Kiếm,Hàng Đào
Hà Nội,Hoàn Kiếm,Hàng Bông
Hà Nội,Hoàn Kiếm,Cửa Nam
Hà Nội,Sơn Tây,Trung Hưng
Hà Nội,Sơn Tây,Cổ Đông
Hà Nội,Sơn Tây,Đường Lâm
Hà Nội,Sơn Tây,Sơn Lộc
Hà Nội,Đan Phượng,Phùng
Hà Nội,Đan Phượng,Phương Đình
Hà Nội,Đan Phượng,Tân Lập
Hà Nội,Đan Phượng,Đồng Tháp
Hà Nội,Đan Phượng,Trung Châu
Hà Nội,Đan Phượng,Đan Phượng
Hà Nội,Đan Phượng,Tân Hội
Hà Nội,Ứng Hòa,Liên Bạt
Hà Nội,Ứng Hòa,Vân Đình
Hà Nội,Ứng Hòa,Phương Tú
Hà Nội,Ứng Hòa,Trường Thịnh
Hà Nội,Sóc Sơn,Phú Cường
Hà Nội,Sóc Sơn,Đông Xuân
Hà Nội,Sóc Sơn,Minh Phú
Hà Nội,Sóc Sơn,Phù Lỗ
Hà Nội,Sóc Sơn,Phù Linh
Hà Nội,Sóc Sơn,Phú Minh
Hà Nội,Sóc Sơn,Quang Tiến
Hà Nội,Sóc Sơn,Mai Đình
Hà Nội,Phú Xuyên,Tri Thủy
Hà Nội,Ba Vì,Cẩm Lĩnh
Hà Nội,Ba Vì,Yên Bài
Hà Nội,Ba Vì,Tây Đằng
Hà Nội,Ba Vì,Vân Hòa
Quảng Ninh,Vân Đồn,Đông Xá
Quảng Ninh,Vân Đồn,Bản Sen
Quảng Ninh,Vân Đồn,Hạ Long
Quảng Ninh,Vân Đồn,Quan Lạn
Quảng Ninh,Cẩm Phả,Cẩm Trung
Quảng Ninh,Cẩm Phả,Cẩm Thủy
Quảng Ninh,Cẩm Phả,Cẩm Đông
Quảng Ninh,Cẩm Phả,Cẩm Bình
Quảng Ninh,Cẩm Phả,Cẩm Tây
Quảng Ninh,Móng Cái,Hải Hoà
Quảng Ninh,Móng Cái,Ninh Dương
Quảng Ninh,Hạ Long,Bãi Cháy
Quảng Ninh,Hạ Long,Hùng Thắng
Quảng Ninh,Hạ Long,Hồng Hải
Quảng Ninh,Hạ Long,Hà Tu
Quảng Ninh,Hạ Long,Hà Khánh
Quảng Ninh,Hạ Long,Hồng Gai
Quảng Ninh,Hạ Long,Hồng Hà
Quảng Ninh,Hạ Long,Giếng Đáy
Quảng Ninh,Hạ Long,Tuần Châu
Quảng Ninh,Hạ Long,Hà Khẩu
Quảng Ninh,Hạ Long,Cao Thắng
Quảng Ninh,Hạ Long,Hà Phong
Quảng Ninh,Uông Bí,Thanh Sơn
Quảng Ninh,Uông Bí,Yên Thanh
Bình Dương,Tân Uyên,Vĩnh Tân
Bình Dương,Tân Uyên,Uyên Hưng
Bình Dương,Tân Uyên,Tân Phước Khánh
Bình Dương,Tân Uyên,Tân Hiệp
Bình Dương,Tân Uyên,Thạnh Phước
Bình Dương,Tân Uyên,Hội Nghĩa
Bình Dương,Tân Uyên,Phú Chánh
Bình Dương,Tân Uyên,Thái Hòa
Bình Dương,Tân Uyên,Khánh Bình
Bình Dương,Tân Uyên,Tân Vĩnh Hiệp
Bình Dương,Thuận An,An Phú
Bình Dương,Thuận An,Bình Chuẩn
Bình Dương,Thuận An,Thuận Giao
Bình Dương,Thuận An,Bình Hòa
Bình Dương,Thuận An,Bình Nhâm
Bình Dương,Thuận An,An Sơn
Bình Dương,Thuận An,Vĩnh Phú
Bình Dương,Thuận An,An Thạnh
Bình Dương,Thuận An,Lái Thiêu
Bình Dương,Dĩ An,An Bình
Bình Dương,Dĩ An,Tân Đông Hiệp
Bình Dương,Dĩ An,Dĩ An
Bình Dương,Dĩ An,Bình An
Bình Dương,Dĩ An,Đông Hòa
Bình Dương,Dĩ An,Bình Thắng
Bình Dương,Dĩ An,Tân Bình
Bình Dương,Thủ Dầu Một,Phú Hòa
Bình Dương,Thủ Dầu Một,Hiệp Thành
Bình Dương,Thủ Dầu Một,Phú Mỹ
Bình Dương,Thủ Dầu Một,Tương Bình Hiệp
Bình Dương,Thủ Dầu Một,Phú Lợi
Bình Dương,Thủ Dầu Một,Chánh Mỹ
Bình Dương,Thủ Dầu Một,Chánh Nghĩa
Bình Dương,Thủ Dầu Một,Phú Tân
Bình Dương,Thủ Dầu Một,Phú Thọ
Bình Dương,Thủ Dầu Một,Định Hoà
Bình Dương,Thủ Dầu Một,Hiệp An
Bình Dương,Thủ Dầu Một,Tân An
Bình Dương,Thủ Dầu Một,Phú Cường
Bình Dương,Bàu Bàng,Lai Uyên
Bình Dương,Bàu Bàng,Trừ Văn Thố
Bình Dương,Bến Cát,Thới Hòa
Bình Dương,Bến Cát,Chánh Phú Hòa
Bình Dương,Bến Cát,Mỹ Phước
Bình Dương,Bến Cát,Hòa Lợi
Bình Dương,Bến Cát,Tân Định
Bình Dương,Bến Cát,Phú An
Bình Dương,Bến Cát,An Điền
Bình Dương,Phú Giáo,Vĩnh Hoà
Phú Thọ,Thanh Sơn,Cự Đồng
Phú Thọ,Thanh Sơn,Yên Lãng
Phú Thọ,Việt Trì,Minh Nông
Phú Thọ,Việt Trì,Gia Cẩm
Phú Thọ,Việt Trì,Thanh Miếu
Phú Thọ,Việt Trì,Tân Dân
Phú Thọ,Việt Trì,Tiên Cát
Phú Thọ,Việt Trì,Vân Phú
Phú Thọ,Phú Thọ,Âu Cơ
Phú Thọ,Hạ Hoà,Đại Phạm
Hải Dương,Kinh Môn,Minh Tân
Hải Dương,Hải Dương,Ngọc Châu
Hải Dương,Hải Dương,Tân Bình
Hải Dương,Hải Dương,Quang Trung
Hải Dương,Hải Dương,Trần Hưng Đạo
Hải Dương,Chí Linh,Cộng Hoà
Hải Dương,Chí Linh,Sao Đỏ
Hải Dương,Thanh Miện,Ngũ Hùng
Long An,Bến Lức,An Thạnh
Long An,Bến Lức,Mỹ Yên
Long An,Bến Lức,Bến Lức
Long An,Bến Lức,Lương Bình
Long An,Bến Lức,Phước Lợi
Long An,Cần Giuộc,Mỹ Lộc
Long An,Cần Giuộc,Cần Giuộc
Long An,Cần Giuộc,Thuận Thành
Long An,Cần Giuộc,Long Hậu
Long An,Cần Giuộc,Phước Lý
Long An,Cần Giuộc,Long Thượng
Long An,Cần Giuộc,Phước Lại
Long An,Cần Giuộc,Long An
Long An,Cần Giuộc,Phước Hậu
Long An,Tân An,Phường 6
Long An,Tân An,Phường 5
Long An,Tân An,Phường 3
Long An,Tân An,Phường 7
Long An,Tân An,An Vĩnh Ngãi
Long An,Thủ Thừa,Bình An
Long An,Thủ Thừa,Thủ Thừa
Long An,Đức Hòa,Mỹ Hạnh Nam
Long An,Đức Hòa,Đức Hòa
Long An,Đức Hòa,Hậu Nghĩa
Long An,Đức Hòa,Mỹ Hạnh Bắc
Long An,Đức Hòa,Đức Hòa Hạ
Long An,Đức Hòa,Đức Hòa Đông
Long An,Đức Hòa,Đức Lập Hạ
Long An,Đức Hòa,Tân Mỹ
Long An,Đức Hòa,Hựu Thạnh
Long An,Đức Hòa,An Ninh Đông
Long An,Đức Hòa,Đức Hòa Thượng
Long An,Cần Đước,Long Cang
Long An,Cần Đước,Long Khê
Long An,Cần Đước,Long Định
Long An,Cần Đước,Phước Vân
Long An,Cần Đước,Long Trạch
Long An,Cần Đước,Long Sơn
Long An,Tân Trụ,Nhựt Ninh
Long An,Tân Trụ,Tân Trụ
Long An,Châu Thành,Tầm Vu
Long An,Tân Thạnh,Tân Thạnh
Kiên Giang,Rạch Giá,An Hòa
Kiên Giang,Rạch Giá,Vĩnh Lạc
Kiên Giang,Rạch Giá,Vĩnh Thanh
Kiên Giang,Rạch Giá,An Bình
Kiên Giang,Rạch Giá,Vĩnh Lợi
Kiên Giang,Rạch Giá,Vĩnh Quang
Kiên Giang,Phú Quốc,Gành Dầu
Kiên Giang,Phú Quốc,Dương Đông
Kiên Giang,Phú Quốc,Dương Tơ
Kiên Giang,Phú Quốc,An Thới
Kiên Giang,Phú Quốc,Hàm Ninh
Kiên Giang,Phú Quốc,Bãi Thơm
Kiên Giang,Phú Quốc,Cửa Dương
Kiên Giang,Hà Tiên,Pháo Đài
Kiên Giang,Hà Tiên,Đông Hồ
Bình Thuận,Phan Thiết,Tiến Thành
Bình Thuận,Phan Thiết,Tiến Lợi
Bình Thuận,Phan Thiết,Phú Hài
Bình Thuận,Phan Thiết,Phú Thủy
Bình Thuận,Phan Thiết,Hàm Tiến
Bình Thuận,Phan Thiết,Xuân An
Bình Thuận,Phan Thiết,Phong Nẫm
Bình Thuận,Phan Thiết,Thanh Hải
Bình Thuận,Phan Thiết,Đức Long
Bình Thuận,Phan Thiết,Phú Trinh
Bình Thuận,La Gi,Bình Tân
Bình Thuận,La Gi,Tân Phước
Bình Thuận,La Gi,Tân An
Bình Thuận,La Gi,Phước Hội
Bình Thuận,Tánh Linh,Lạc Tánh
Bình Thuận,Hàm Thuận Nam,Tân Thành
Hà Nam,Phủ Lý,Phù Vân
Hà Nam,Phủ Lý,Lê Hồng Phong
Hà Nam,Phủ Lý,Trịnh Xá
Hà Nam,Phủ Lý,Thanh Châu
Hà Nam,Kim Bảng,Thanh Sơn
Hà Nam,Thanh Liêm,Tân Thanh
Hà Nam,Thanh Liêm,Thanh Tân
Bà Rịa - Vũng Tàu,Phú Mỹ,Hắc Dịch
Bà Rịa - Vũng Tàu,Phú Mỹ,Phú Mỹ
Bà Rịa - Vũng Tàu,Phú Mỹ,Tóc Tiên
Bà Rịa - Vũng Tàu,Phú Mỹ,Mỹ Xuân
Bà Rịa - Vũng Tàu,Vũng Tàu,Phường 12
Bà Rịa - Vũng Tàu,Vũng Tàu,Thắng Nhì
Bà Rịa - Vũng Tàu,Vũng Tàu,Phường 8
Bà Rịa - Vũng Tàu,Vũng Tàu,Thắng Tam
Bà Rịa - Vũng Tàu,Vũng Tàu,Phường 2
Bà Rịa - Vũng Tàu,Vũng Tàu,Phường 1
Bà Rịa - Vũng Tàu,Vũng Tàu,Phường 3
Bà Rịa - Vũng Tàu,Vũng Tàu,Thắng Nhất
Bà Rịa - Vũng Tàu,Vũng Tàu,Phường 10
Bà Rịa - Vũng Tàu,Vũng Tàu,Phường 4
Bà Rịa - Vũng Tàu,Vũng Tàu,Rạch Dừa
Bà Rịa - Vũng Tàu,Vũng Tàu,Phường 11
Bà Rịa - Vũng Tàu,Vũng Tàu,Phường 9
Bà Rịa - Vũng Tàu,Vũng Tàu,Phường 5
Bà Rịa - Vũng Tàu,Vũng Tàu,Phường 7
Bà Rịa - Vũng Tàu,Vũng Tàu,Nguyễn An Ninh
Bà Rịa - Vũng Tàu,Châu Đức,Suối Nghệ
Bà Rịa - Vũng Tàu,Châu Đức,Nghĩa Thành
Bà Rịa - Vũng Tàu,Châu Đức,Ngãi Giao
Bà Rịa - Vũng Tàu,Long Đất,Đất Đỏ
Bà Rịa - Vũng Tàu,Long Đất,Phước Long Thọ
Bà Rịa - Vũng Tàu,Long Đất,Láng Dài
Bà Rịa - Vũng Tàu,Long Đất,Long Tân
Bà Rịa - Vũng Tàu,Bà Rịa,Hoà Long
Bà Rịa - Vũng Tàu,Bà Rịa,Phước Nguyên
Bà Rịa - Vũng Tàu,Bà Rịa,Long Tâm
Bà Rịa - Vũng Tàu,Bà Rịa,Long Toàn
Bà Rịa - Vũng Tàu,Bà Rịa,Phước Hưng
Bà Rịa - Vũng Tàu,Xuyên Mộc,Phước Thuận
Bà Rịa - Vũng Tàu,Xuyên Mộc,Bình Châu
Bà Rịa - Vũng Tàu,Xuyên Mộc,Xuyên Mộc
Bà Rịa - Vũng Tàu,Xuyên Mộc,Phước Bửu
Đắk Lắk,Buôn Ma Thuột,Tân An
Đắk Lắk,Buôn Ma Thuột,Tân Thành
Đắk Lắk,Buôn Ma Thuột,Thành Nhất
Đắk Lắk,Buôn Ma Thuột,Cư Êbur
Đắk Lắk,Buôn Ma Thuột,Ea Tam
Đắk Lắk,Buôn Ma Thuột,Tự An
Đắk Lắk,Buôn Ma Thuột,Tân Lợi
Đắk Lắk,Buôn Ma Thuột,Ea Tu
Đắk Lắk,Buôn Ma Thuột,Hòa Phú
Đắk Lắk,Buôn Ma Thuột,Tân Lập
Đắk Lắk,Buôn Ma Thuột,Tân Hòa
Đắk Lắk,Cư M'gar,Quảng Phú
Đắk Lắk,Cư M'gar,Ea Pốk
Đắk Lắk,Cư Kuin,Ea Tiêu
Đắk Lắk,Ea Kar,Cư Ni
Bắc Ninh,Từ Sơn,Phù Chẩn
Bắc Ninh,Từ Sơn,Phù Khê
Bắc Ninh,Từ Sơn,Hương Mạc
Bắc Ninh,Từ Sơn,Đồng Kỵ
Bắc Ninh,Từ Sơn,Đông Ngàn
Bắc Ninh,Tiên Du,Nội Duệ
Bắc Ninh,Tiên Du,Hoàn Sơn
Bắc Ninh,Tiên Du,Liên Bão
Bắc Ninh,Bắc Ninh,Kinh Bắc
Bắc Ninh,Bắc Ninh,Võ Cường
Bắc Ninh,Bắc Ninh,Suối Hoa
Bắc Ninh,Bắc Ninh,Đáp Cầu
Bắc Ninh,Bắc Ninh,Vạn An
Bắc Ninh,Bắc Ninh,Đại Phúc
Bắc Ninh,Bắc Ninh,Hòa Long
Bắc Ninh,Bắc Ninh,Thị Cầu
Bắc Ninh,Bắc Ninh,Vũ Ninh
Bắc Ninh,Yên Phong,Thụy Hòa
Bắc Ninh,Yên Phong,Yên Trung
Bắc Ninh,Yên Phong,Đông Tiến
Bắc Ninh,Yên Phong,Long Châu
Bắc Ninh,Thuận Thành,Xuân Lâm
Thanh Hóa,Thanh Hóa,Đông Vệ
Thanh Hóa,Thanh Hóa,Quảng Thắng
Thanh Hóa,Thanh Hóa,Đông Hải
Thanh Hóa,Thanh Hóa,Trường Thi
Thanh Hóa,Thanh Hóa,Đông Thọ
Thanh Hóa,Thanh Hóa,Quảng Thành
Thanh Hóa,Thanh Hóa,Quảng Thịnh
Thanh Hóa,Thanh Hóa,Lam Sơn
Thanh Hóa,Thanh Hóa,Ba Đình
Thanh Hóa,Thanh Hóa,An Hưng
Thanh Hóa,Thanh Hóa,Đông Cương
Thanh Hóa,Sầm Sơn,Quảng Minh
Thanh Hóa,Sầm Sơn,Quảng Cư
Thanh Hóa,Sầm Sơn,Bắc Sơn
Thanh Hóa,Hoằng Hóa,Hoằng Trường
Thanh Hóa,Hoằng Hóa,Hoằng Ngọc
Thanh Hóa,Hà Trung,Hà Đông
Thanh Hóa,Thạch Thành,Thạch Sơn
Khánh Hòa,Nha Trang,Vĩnh Thái
Khánh Hòa,Nha Trang,Vĩnh Hiệp
Khánh Hòa,Nha Trang,Vĩnh Ngọc
Khánh Hòa,Nha Trang,Vĩnh Thạnh
Khánh Hòa,Nha Trang,Phước Long
Khánh Hòa,Nha Trang,Vĩnh Nguyên
Khánh Hòa,Nha Trang,Phước Hải
Khánh Hòa,Nha Trang,Vĩnh Hải
Khánh Hòa,Nha Trang,Vĩnh Hòa
Khánh Hòa,Nha Trang,Vĩnh Thọ
Khánh Hòa,Nha Trang,Vĩnh Phước
Khánh Hòa,Nha Trang,Lộc Thọ
Khánh Hòa,Nha Trang,Ngọc Hiệp
Khánh Hòa,Nha Trang,Phước Hòa
Khánh Hòa,Nha Trang,Phước Đồng
Khánh Hòa,Nha Trang,Vĩnh Trường
Khánh Hòa,Nha Trang,Vĩnh Phương
Khánh Hòa,Nha Trang,Vĩnh Trung
Khánh Hòa,Cam Ranh,Cam Nghĩa
Khánh Hòa,Cam Ranh,Cam Thành Nam
Khánh Hòa,Cam Ranh,Cam Phúc Nam
Khánh Hòa,Cam Ranh,Cam Phúc Bắc
Khánh Hòa,Ninh Hòa,Ninh Thủy
Khánh Hòa,Ninh Hòa,Ninh Tân
Khánh Hòa,Ninh Hòa,Ninh Xuân
Khánh Hòa,Ninh Hòa,Ninh Hải
Khánh Hòa,Ninh Hòa,Ninh Diêm
Khánh Hòa,Ninh Hòa,Ninh Phụng
Khánh Hòa,Ninh Hòa,Ninh Hiệp
Khánh Hòa,Ninh Hòa,Ninh Lộc
Khánh Hòa,Ninh Hòa,Ninh Quang
Khánh Hòa,Ninh Hòa,Ninh Hà
Khánh Hòa,Ninh Hòa,Ninh Thọ
Khánh Hòa,Diên Khánh,Diên An
Khánh Hòa,Diên Khánh,Suối Hiệp
Khánh Hòa,Diên Khánh,Suối Tiên
Khánh Hòa,Diên Khánh,Diên Sơn
Khánh Hòa,Diên Khánh,Diên Hòa
Khánh Hòa,Diên Khánh,Diên Điền
Khánh Hòa,Diên Khánh,Diên Toàn
Khánh Hòa,Diên Khánh,Diên Phú
Khánh Hòa,Diên Khánh,Diên Khánh
Khánh Hòa,Diên Khánh,Diên Thạnh
Khánh Hòa,Diên Khánh,Diên Lạc
Khánh Hòa,Diên Khánh,Diên Lâm
Khánh Hòa,Cam Lâm,Cam Hải Đông
Khánh Hòa,Cam Lâm,Cam Hiệp Bắc
Khánh Hòa,Cam Lâm,Cam Hòa
Khánh Hòa,Cam Lâm,Suối Cát
Khánh Hòa,Cam Lâm,Cam Tân
Khánh Hòa,Cam Lâm,Suối Tân
Khánh Hòa,Vạn Ninh,Vạn Lương
Khánh Hòa,Vạn Ninh,Vạn Thắng
Khánh Hòa,Vạn Ninh,Vạn Giã
Khánh Hòa,Vạn Ninh,Vạn Phước
Đà Nẵng,Ngũ Hành Sơn,Khuê Mỹ
Đà Nẵng,Ngũ Hành Sơn,Mỹ An
Đà Nẵng,Ngũ Hành Sơn,Hoà Hải
Đà Nẵng,Ngũ Hành Sơn,Hoà Quý
Đà Nẵng,Thanh Khê,Thanh Khê Tây
Đà Nẵng,Thanh Khê,An Khê
Đà Nẵng,Hải Châu,Hòa Cường Bắc
Đà Nẵng,Hải Châu,Hòa Thuận Tây
Đà Nẵng,Hải Châu,Hòa Cường Nam
Đà Nẵng,Hải Châu,Thuận Phước
Đà Nẵng,Hải Châu,Thạch Thang
Đà Nẵng,Hải Châu,Thanh Bình
Đà Nẵng,Cẩm Lệ,Hòa Phát
Đà Nẵng,Cẩm Lệ,Hòa An
Đà Nẵng,Cẩm Lệ,Khuê Trung
Đà Nẵng,Cẩm Lệ,Hòa Thọ Đông
Đà Nẵng,Cẩm Lệ,Hòa Xuân
Đà Nẵng,Cẩm Lệ,Hòa Thọ Tây
Đà Nẵng,Liên Chiểu,Hòa Minh
Đà Nẵng,Liên Chiểu,Hòa Hiệp Nam
Đà Nẵng,Liên Chiểu,Hòa Khánh Nam
Đà Nẵng,Liên Chiểu,Hòa Khánh Bắc
Đà Nẵng,Liên Chiểu,Hòa Hiệp Bắc
Đà Nẵng,Sơn Trà,Nại Hiên Đông
Đà Nẵng,Sơn Trà,An Hải Bắc
Đà Nẵng,Sơn Trà,Thọ Quang
Đà Nẵng,Sơn Trà,Phước Mỹ
Đà Nẵng,Sơn Trà,Mân Thái
Đà Nẵng,Hòa Vang,Hòa Châu
Đà Nẵng,Hòa Vang,Hòa Tiến
Đà Nẵng,Hòa Vang,Hòa Phước
Đà Nẵng,Hòa Vang,Hòa Sơn
Đà Nẵng,Hòa Vang,Hòa Bắc
Đà Nẵng,Hòa Vang,Hòa Ninh
Đà Nẵng,Hòa Vang,Hòa Nhơn
Thái Nguyên,Phổ Yên,Đồng Tiến
Thái Nguyên,Phổ Yên,Hồng Tiến
Thái Nguyên,Thái Nguyên,Cao Ngạn
Thái Nguyên,Thái Nguyên,Gia Sàng
Thái Nguyên,Thái Nguyên,Hoàng Văn Thụ
Thái Nguyên,Thái Nguyên,Thịnh Đán
Thái Nguyên,Sông Công,Mỏ Chè
Hải Phòng,Kiến An,Nam Sơn
Hải Phòng,Kiến An,Trần Thành Ngọ
Hải Phòng,Kiến An,Ngọc Sơn
Hải Phòng,Kiến An,Bắc Sơn
Hải Phòng,Kiến An,Văn Đẩu
Hải Phòng,Hồng Bàng,Minh Khai
Hải Phòng,Hồng Bàng,Hùng Vương
Hải Phòng,Hồng Bàng,Quán Toan
Hải Phòng,Hồng Bàng,Sở Dầu
Hải Phòng,Hồng Bàng,Hoàng Văn Thụ
Hải Phòng,Hồng Bàng,Phan Bội Châu
Hải Phòng,Ngô Quyền,Đằng Giang
Hải Phòng,Ngô Quyền,Đông Khê
Hải Phòng,Ngô Quyền,Vạn Mỹ
Hải Phòng,Ngô Quyền,Cầu Đất
Hải Phòng,Ngô Quyền,Cầu Tre
Hải Phòng,Ngô Quyền,Máy Chai
Hải Phòng,Lê Chân,Vĩnh Niệm
Hải Phòng,Lê Chân,Kênh Dương
Hải Phòng,Lê Chân,Dư Hàng Kênh
Hải Phòng,Hải An,Đằng Hải
Hải Phòng,Hải An,Đằng Lâm
Hải Phòng,Hải An,Đông Hải 1
Hải Phòng,Hải An,Thành Tô
Hải Phòng,Hải An,Đông Hải 2
Hải Phòng,Hải An,Nam Hải
Hải Phòng,Hải An,Cát Bi
Hải Phòng,Hải An,Tràng Cát
Hải Phòng,Đồ Sơn,Bàng La
Hải Phòng,Đồ Sơn,Hợp Đức
Hải Phòng,Đồ Sơn,Ngọc Xuyên
Hải Phòng,Đồ Sơn,Minh Đức
Hải Phòng,Đồ Sơn,Hải Sơn
Hải Phòng,An Lão,Mỹ Đức
Hải Phòng,Dương Kinh,Hưng Đạo
Hải Phòng,Dương Kinh,Hải Thành
Hải Phòng,Dương Kinh,Hoà Nghĩa
Hải Phòng,Dương Kinh,Anh Dũng
Hải Phòng,Vĩnh Bảo,Vĩnh An
Hải Phòng,Kiến Thuỵ,Hữu Bằng
Hải Phòng,Kiến Thuỵ,Đoàn Xá
Hải Phòng,Kiến Thuỵ,Tân Phong
Quảng Trị,Đông Hà,Đông Giang
Quảng Trị,Đông Hà,Đông Lương
Quảng Trị,Đông Hà,Đông Lễ
Quảng Trị,Đông Hà,Phường 1
Đồng Nai,Trảng Bom,Bình Minh
Đồng Nai,Trảng Bom,Trảng Bom
Đồng Nai,Trảng Bom,Đông Hoà
Đồng Nai,Trảng Bom,Hố Nai 3
Đồng Nai,Trảng Bom,An Viễn
Đồng Nai,Trảng Bom,Giang Điền
Đồng Nai,Trảng Bom,Hưng Thịnh
Đồng Nai,Trảng Bom,Sông Trầu
Đồng Nai,Biên Hòa,Bửu Long
Đồng Nai,Biên Hòa,Long Hưng
Đồng Nai,Biên Hòa,Thống Nhất
Đồng Nai,Biên Hòa,Hóa An
Đồng Nai,Biên Hòa,Long Bình Tân
Đồng Nai,Biên Hòa,Tân Hòa
Đồng Nai,Biên Hòa,Bửu Hòa
Đồng Nai,Biên Hòa,Tân Vạn
Đồng Nai,Biên Hòa,Trảng Dài
Đồng Nai,Biên Hòa,Hố Nai
Đồng Nai,Biên Hòa,An Hòa
Đồng Nai,Biên Hòa,Tân Phong
Đồng Nai,Biên Hòa,An Bình
Đồng Nai,Biên Hòa,Tân Biên
Đồng Nai,Biên Hòa,Tân Hiệp
Đồng Nai,Biên Hòa,Tam Hiệp
Đồng Nai,Biên Hòa,Phước Tân
Đồng Nai,Biên Hòa,Tam Phước
Đồng Nai,Biên Hòa,Long Bình
Đồng Nai,Biên Hòa,Hiệp Hòa
Đồng Nai,Biên Hòa,Tân Hạnh
Đồng Nai,Nhơn Trạch,Vĩnh Thanh
Đồng Nai,Nhơn Trạch,Phú Thạnh
Đồng Nai,Nhơn Trạch,Đại Phước
Đồng Nai,Nhơn Trạch,Hiệp Phước
Đồng Nai,Nhơn Trạch,Phú Đông
Đồng Nai,Nhơn Trạch,Long Thọ
Đồng Nai,Nhơn Trạch,Phước An
Đồng Nai,Nhơn Trạch,Phú Hữu
Đồng Nai,Long Thành,An Phước
Đồng Nai,Long Thành,Long An
Đồng Nai,Long Thành,Long Đức
Đồng Nai,Long Thành,Long Thành
Đồng Nai,Long Thành,Bình Sơn
Đồng Nai,Long Thành,Phước Thái
Đồng Nai,Long Thành,Bàu Cạn
Đồng Nai,Long Thành,Tam An
Đồng Nai,Long Thành,Lộc An
Đồng Nai,Long Thành,Phước Bình
Đồng Nai,Vĩnh Cửu,Tân An
Đồng Nai,Vĩnh Cửu,Thạnh Phú
Đồng Nai,Vĩnh Cửu,Bình Lợi
Đồng Nai,Vĩnh Cửu,Thiện Tân
Đồng Nai,Vĩnh Cửu,Mã Đà
Đồng Nai,Long Khánh,Bình Lộc
Đồng Nai,Long Khánh,Bàu Trâm
Đồng Nai,Long Khánh,Xuân Tân
Đồng Nai,Long Khánh,Xuân Bình
Đồng Nai,Long Khánh,Bảo Vinh
Đồng Nai,Xuân Lộc,Gia Ray
Đồng Nai,Thống Nhất,Quang Trung
Đồng Nai,Thống Nhất,Lộ 25
Đồng Nai,Thống Nhất,Xuân Thiện
Đồng Nai,Thống Nhất,Gia Tân 3
Đồng Nai,Định Quán,Túc Trưng
Đồng Nai,Định Quán,Phú Túc
Tuyên Quang,Sơn Dương,Tân Trào
Ninh Thuận,Phan Rang-Tháp Chàm,Đô Vinh
Ninh Thuận,Phan Rang-Tháp Chàm,Đông Hải
Ninh Thuận,Phan Rang-Tháp Chàm,Đài Sơn
Ninh Thuận,Phan Rang-Tháp Chàm,Mỹ Đông
Ninh Thuận,Phan Rang-Tháp Chàm,Mỹ Bình
Ninh Thuận,Phan Rang-Tháp Chàm,Đạo Long
Ninh Thuận,Phan Rang-Tháp Chàm,Mỹ Hải
Ninh Thuận,Ninh Hải,Khánh Hải
Ninh Thuận,Thuận Nam,Cà Ná
Nghệ An,Vinh,Trung Đô
Nghệ An,Vinh,Hưng Hòa
Nghệ An,Vinh,Cửa Nam
Nghệ An,Vinh,Nghi Ân
Nghệ An,Thái Hoà,Long Sơn
Cần Thơ,Cái Răng,Hưng Thạnh
Cần Thơ,Cái Răng,Phú Thứ
Cần Thơ,Cái Răng,Thường Thạnh
Cần Thơ,Cái Răng,Hưng Phú
Cần Thơ,Cái Răng,Lê Bình
Cần Thơ,Ninh Kiều,Tân An
Cần Thơ,Ninh Kiều,Hưng Lợi
Cần Thơ,Ninh Kiều,Xuân Khánh
Cần Thơ,Ninh Kiều,An Khánh
Cần Thơ,Ninh Kiều,An Bình
Cần Thơ,Ninh Kiều,An Hòa
Cần Thơ,Ninh Kiều,Cái Khế
Cần Thơ,Bình Thuỷ,Bùi Hữu Nghĩa
Cần Thơ,Bình Thuỷ,Long Tuyền
Cần Thơ,Bình Thuỷ,Long Hòa
Cần Thơ,Bình Thuỷ,Trà An
Cần Thơ,Bình Thuỷ,Bình Thủy
Cần Thơ,Bình Thuỷ,An Thới
Cần Thơ,Phong Điền,Mỹ Khánh
Thái Bình,Thái Bình,Kỳ Bá
Thái Bình,Thái Bình,Trần Lãm
Thái Bình,Thái Bình,Tiền Phong
Thái Bình,Thái Bình,Quang Trung
Thái Bình,Thái Bình,Lê Hồng Phong
Thái Bình,Thái Bình,Đề Thám
Thái Bình,Thái Bình,Phú Xuân
Thái Bình,Thái Bình,Đông Thọ
Thái Bình,Thái Bình,Trần Hưng Đạo
Thái Bình,Đông Hưng,Đông La
Bắc Giang,Việt Yên,Nếnh
Bắc Giang,Việt Yên,Hương Mai
Bắc Giang,Lạng Giang,Thái Đào
Bắc Giang,Lạng Giang,Vôi
Bắc Giang,Lạng Giang,Đại Lâm
Bắc Giang,Bắc Giang,Mỹ Độ
Bắc Giang,Bắc Giang,Xương Giang
Bắc Giang,Hiệp Hòa,Thắng
Bắc Giang,Lục Ngạn,Tân Hoa
Lâm Đồng,Đà Lạt,Phường 9
Lâm Đồng,Đà Lạt,Phường 3
Lâm Đồng,Đà Lạt,Phường 12
Lâm Đồng,Đà Lạt,Phường 8
Lâm Đồng,Đà Lạt,Phường 7
Lâm Đồng,Đà Lạt,Phường 2
Lâm Đồng,Đà Lạt,Phường 10
Lâm Đồng,Đà Lạt,Phường 4
Lâm Đồng,Đà Lạt,Phường 6
Lâm Đồng,Đà Lạt,Phường 1
Lâm Đồng,Đà Lạt,Trạm Hành
Lâm Đồng,Đà Lạt,Phường 11
Lâm Đồng,Đà Lạt,Phường 5
Lâm Đồng,Bảo Lâm,Lộc Ngãi
Lâm Đồng,Bảo Lâm,Lộc Quảng
Lâm Đồng,Bảo Lâm,Lộc Thắng
Lâm Đồng,Bảo Lâm,Lộc An
Lâm Đồng,Đơn Dương,D'Ran
Lâm Đồng,Đơn Dương,Thạnh Mỹ
Lâm Đồng,Đơn Dương,Đạ Ròn
Lâm Đồng,Đơn Dương,Ka Đô
Lâm Đồng,Di Linh,Gia Hiệp
Lâm Đồng,Di Linh,Di Linh
Lâm Đồng,Đức Trọng,Hiệp Thạnh
Lâm Đồng,Đức Trọng,Liên Hiệp
Lâm Đồng,Đức Trọng,Liên Nghĩa
Lâm Đồng,Bảo Lộc,Phường 2
Lâm Đồng,Bảo Lộc,Lộc Châu
Lâm Đồng,Bảo Lộc,Đại Lào
Lâm Đồng,Bảo Lộc,Đạm Bri
Lâm Đồng,Bảo Lộc,Phường 1
Lâm Đồng,Bảo Lộc,Lộc Sơn
Lâm Đồng,Lâm Hà,Nam Ban
Lâm Đồng,Lâm Hà,Gia Lâm
Lâm Đồng,Lâm Hà,Hoài Đức
Trà Vinh,Trà Vinh,Phường 4
Trà Vinh,Trà Vinh,Phường 5
Trà Vinh,Trà Vinh,Phường 7
Trà Vinh,Châu Thành,Song Lộc
Bình Phước,Đồng Xoài,Tiến Hưng
Bình Phước,Bù Đăng,Thống Nhất
Bình Phước,Chơn Thành,Minh Hưng
Quảng Nam,Hội An,Cẩm Nam
Quảng Nam,Hội An,Tân An
Quảng Nam,Hội An,Cẩm Phô
Quảng Nam,Hội An,Thanh Hà
Quảng Nam,Hội An,Cẩm Thanh
Quảng Nam,Hội An,Minh An
Quảng Nam,Hội An,Cẩm An
Quảng Nam,Hội An,Cẩm Hà
Quảng Nam,Hội An,Cẩm Châu
Quảng Nam,Hội An,Sơn Phong
Quảng Nam,Núi Thành,Tam Hiệp
Quảng Nam,Tam Kỳ,Tân Thạnh
Quảng Nam,Tam Kỳ,Trường Xuân
Quảng Nam,Tam Kỳ,An Sơn
Quảng Nam,Tam Kỳ,Hòa Hương
Quảng Nam,Tam Kỳ,An Mỹ
Quảng Nam,Điện Bàn,Điện Ngọc
Quảng Nam,Điện Bàn,Điện Dương
Quảng Nam,Duy Xuyên,Duy Nghĩa
Hoà Bình,Lương Sơn,Lâm Sơn
Hoà Bình,Lương Sơn,Tân Vinh
Hoà Bình,Lương Sơn,Cư Yên
Hoà Bình,Lương Sơn,Thanh Cao
Hoà Bình,Hòa Bình,Quỳnh Lâm
Hoà Bình,Hòa Bình,Trung Minh
Hoà Bình,Hòa Bình,Đồng Tiến
Hoà Bình,Hòa Bình,Phương Lâm
Hoà Bình,Hòa Bình,Thống Nhất
Hoà Bình,Hòa Bình,Dân Chủ
Hoà Bình,Kim Bôi,Vĩnh Tiến
Hoà Bình,Lạc Thủy,Phú Nghĩa
Sơn La,Mộc Châu,Chiềng Hắc
Sơn La,Mộc Châu,Chiềng Sơn
Sơn La,Mai Sơn,Hát Lót
Bình Định,Quy Nhơn,Bùi Thị Xuân
Bình Định,Quy Nhơn,Nhơn Bình
Bình Định,Quy Nhơn,Ghềnh Ráng
Bình Định,Quy Nhơn,Đống Đa
Bình Định,Quy Nhơn,Trần Quang Diệu
Bình Định,Quy Nhơn,Ngô Mây
Bình Định,Quy Nhơn,Nhơn Lý
Bình Định,Quy Nhơn,Hải Cảng
Bình Định,Quy Nhơn,Nhơn Phú
Bình Định,Quy Nhơn,Quang Trung
Bình Định,Phù Cát,Cát Tài
Bình Định,Phù Cát,Cát Hanh
Bình Định,An Nhơn,Bình Định
Bình Định,Hoài Nhơn,Hoài Hải
Bình Định,Hoài Nhơn,Bồng Sơn
Bình Định,Hoài Nhơn,Hoài Sơn
Vĩnh Phúc,Phúc Yên,Ngọc Thanh
Vĩnh Phúc,Phúc Yên,Hùng Vương
Vĩnh Phúc,Phúc Yên,Xuân Hoà
Vĩnh Phúc,Phúc Yên,Nam Viêm
Vĩnh Phúc,Yên Lạc,Trung Kiên
Vĩnh Phúc,Vĩnh Yên,Hội Hợp
Vĩnh Phúc,Vĩnh Yên,Định Trung
Vĩnh Phúc,Vĩnh Yên,Liên Bảo
Vĩnh Phúc,Vĩnh Yên,Đồng Tâm
Vĩnh Phúc,Vĩnh Yên,Khai Quang
Vĩnh Phúc,Vĩnh Yên,Đống Đa
Vĩnh Phúc,Vĩnh Yên,Ngô Quyền
Vĩnh Phúc,Tam Đảo,Tam Quan
Vĩnh Phúc,Bình Xuyên,Gia Khánh
Vĩnh Phúc,Vĩnh Tường,Chấn Hưng
Tây Ninh,Dương Minh Châu,Chà Là
Tây Ninh,Dương Minh Châu,Bàu Năng
Tây Ninh,Gò Dầu,Gò Dầu
Tây Ninh,Gò Dầu,Hiệp Thạnh
Tây Ninh,Gò Dầu,Phước Đông
Tây Ninh,Hòa Thành,Long Thành Trung
Tây Ninh,Hòa Thành,Trường Tây
Tây Ninh,Tây Ninh,Phường 4
Tây Ninh,Tây Ninh,Phường 2
Tây Ninh,Tây Ninh,Ninh Thạnh
Tây Ninh,Tây Ninh,Ninh Sơn
Tây Ninh,Trảng Bàng,An Tịnh
Tây Ninh,Trảng Bàng,Trảng Bàng
Tiền Giang,Mỹ Tho,Phường 4
Tiền Giang,Mỹ Tho,Phường 10
Tiền Giang,Mỹ Tho,Mỹ Phong
Tiền Giang,Mỹ Tho,Phường 5
Tiền Giang,Mỹ Tho,Phường 6
Tiền Giang,Mỹ Tho,Tân Mỹ Chánh
Tiền Giang,Mỹ Tho,Đạo Thạnh
Tiền Giang,Mỹ Tho,Trung An
Tiền Giang,Chợ Gạo,Trung Hòa
Tiền Giang,Chợ Gạo,Hòa Tịnh
Tiền Giang,Châu Thành,Long Định
Tiền Giang,Châu Thành,Tân Hương
Tiền Giang,Châu Thành,Thân Cửu Nghĩa
Tiền Giang,Châu Thành,Tân Lý Đông
Tiền Giang,Châu Thành,Tam Hiệp
Tiền Giang,Cai Lậy,Phường 1
Tiền Giang,Gò Công,Phường 2
Hà Tĩnh,Thạch Hà,Thạch Hà
Hà Tĩnh,Thạch Hà,Thạch Xuân
Hà Tĩnh,Nghi Xuân,Xuân Thành
Lạng Sơn,Lạng Sơn,Mai Pha
Lạng Sơn,Lạng Sơn,Đông Kinh
Lạng Sơn,Lạng Sơn,Chi Lăng
Lào Cai,Sa Pa,Phan Si Păng
Lào Cai,Sa Pa,Mường Hoa
Lào Cai,Sa Pa,Sa Pa
Lào Cai,Sa Pa,Tả Phìn
Lào Cai,Lào Cai,Kim Tân
Lào Cai,Lào Cai,Bắc Cường
Lào Cai,Lào Cai,Đồng Tuyển
Điện Biên,Điện Biên Phủ,Mường Thanh
Gia Lai,Pleiku,Trà Bá
Gia Lai,Pleiku,Trà Đa
Gia Lai,Pleiku,Ia Kring
Gia Lai,Pleiku,Thắng Lợi
Gia Lai,Pleiku,Yên Đỗ
Gia Lai,Ia Grai,Ia Dêr
Gia Lai,Chư Păh,Phú Hòa
Phú Yên,Đông Hòa,Hoà Hiệp Trung
Phú Yên,Đông Hòa,Hòa Xuân Nam
Phú Yên,Đông Hòa,Hòa Hiệp Bắc
Phú Yên,Sông Cầu,Xuân Đài
Phú Yên,Tuy Hoà,Bình Kiến
Phú Yên,Tuy Hoà,Phường 9
Phú Yên,Tuy Hoà,Phú Lâm
Phú Yên,Tuy Hoà,Phú Đông
Bến Tre,Bến Tre,Phường 8
Bến Tre,Bến Tre,Bình Phú
Bến Tre,Bến Tre,Phú Khương
Bến Tre,Châu Thành,Tiên Thủy
Bến Tre,Chợ Lách,Long Thới
An Giang,Long Xuyên,Mỹ Phước
An Giang,Long Xuyên,Mỹ Quý
An Giang,Châu Đốc,Vĩnh Mỹ
An Giang,Tịnh Biên,Nhà Bàng
Quảng Ngãi,Quảng Ngãi,Trần Phú
Quảng Ngãi,Quảng Ngãi,Chánh Lộ
Quảng Ngãi,Quảng Ngãi,Nghĩa Lộ
Quảng Ngãi,Quảng Ngãi,Nghĩa Chánh
Quảng Ngãi,Quảng Ngãi,Trương Quang Trọng
Hà Giang,Hà Giang,Minh Khai
Nam Định,Giao Thủy,Quất Lâm
Nam Định,Nam Định,Cửa Nam
Nam Định,Nam Định,Lộc Hòa
Nam Định,Nam Định,Lộc Vượng
Nam Định,Nam Định,Mỹ Xá
Nam Định,Nghĩa Hưng,Nghĩa Hải
Sóc Trăng,Sóc Trăng,Phường 4
Sóc Trăng,Sóc Trăng,Phường 6
Ninh Bình,Kim Sơn,Ân Hòa
Yên Bái,Yên Bái,Nguyễn Thái Học
Yên Bái,Yên Bái,Yên Ninh
Yên Bái,Nghĩa Lộ,Nghĩa Lợi
Cà Mau,Cà Mau,Phường 9
Cà Mau,Trần Văn Thời,Sông Đốc
Bạc Liêu,Vĩnh Lợi,Châu Hưng
Bạc Liêu,Bạc Liêu,Phường 1
Vĩnh Long,Vĩnh Long,Phường 9
Vĩnh Long,Vĩnh Long,Phường 5
Vĩnh Long,Vĩnh Long,Phường 3
Vĩnh Long,Bình Minh,Thành Phước
Vĩnh Long,Long Hồ,Thanh Đức
Đồng Tháp,Sa Đéc,Tân Quy Tây
Đồng Tháp,Sa Đéc,Phường 2
Đồng Tháp,Cao Lãnh,Phường 6
Đồng Tháp,Cao Lãnh,Phường 4
Hậu Giang,Phụng Hiệp,Thạnh Hòa
Quảng Bình,Quảng Trạch,Quảng Đông
